NAME_1,NAME_2,STATE/UT,DISTRICT,CRIME_RATE
A & N ISLANDS,ANDAMAN,A & N ISLANDS,ANDAMAN,0.8104812129202373
A & N ISLANDS,NICOBAR,A & N ISLANDS,NICOBAR,0.025818501428257527
ANDHRA PRADESH,ADILABAD,ANDHRA PRADESH,ADILABAD,0.030688253133635233
ANDHRA PRADESH,ANANTAPUR,ANDHRA PRADESH,ANANTAPUR,0.02968180483124903
ANDHRA PRADESH,CHITTOOR,ANDHRA PRADESH,CHITTOOR,0.03738073810501436
ANDHRA PRADESH,CUDDAPAH,ANDHRA PRADESH,CUDDAPAH,0.02880017196793828
ANDHRA PRADESH,EAST GODAVARI,ANDHRA PRADESH,EAST GODAVARI,0.04615843338793183
ANDHRA PRADESH,GUNTUR,ANDHRA PRADESH,GUNTUR,0.04808911029871009
ANDHRA PRADESH,HYDERABAD CITY,ANDHRA PRADESH,HYDERABAD CITY,0.10051159471040094
ANDHRA PRADESH,KARIMNAGAR,ANDHRA PRADESH,KARIMNAGAR,0.04790931663051807
ANDHRA PRADESH,KHAMMAM,ANDHRA PRADESH,KHAMMAM,0.03412761189926998
ANDHRA PRADESH,KRISHNA,ANDHRA PRADESH,KRISHNA,0.033603585174897636
ANDHRA PRADESH,KURNOOL,ANDHRA PRADESH,KURNOOL,0.036594202719094436
ANDHRA PRADESH,MAHABOOBNAGAR,ANDHRA PRADESH,MAHABOOBNAGAR,0.035630845461150945
ANDHRA PRADESH,MEDAK,ANDHRA PRADESH,MEDAK,0.030672403554070096
ANDHRA PRADESH,NALGONDA,ANDHRA PRADESH,NALGONDA,0.042282715884894406
ANDHRA PRADESH,NELLORE,ANDHRA PRADESH,NELLORE,0.03540152185681787
ANDHRA PRADESH,NIZAMABAD,ANDHRA PRADESH,NIZAMABAD,0.03066497406364894
ANDHRA PRADESH,PRAKASHAM,ANDHRA PRADESH,PRAKASHAM,0.029898250652185435
ANDHRA PRADESH,RANGA REDDY,ANDHRA PRADESH,RANGA REDDY,0.020325599894204058
ANDHRA PRADESH,SRIKAKULAM,ANDHRA PRADESH,SRIKAKULAM,0.019957097169314618
ANDHRA PRADESH,VISAKHAPATNAM,ANDHRA PRADESH,VISAKHAPATNAM,0.027326161068380535
ANDHRA PRADESH,VIZIANAGARAM,ANDHRA PRADESH,VIZIANAGARAM,0.018697550893247632
ANDHRA PRADESH,WARANGAL,ANDHRA PRADESH,WARANGAL,0.037319320984199454
ANDHRA PRADESH,WEST GODAVARI,ANDHRA PRADESH,WEST GODAVARI,0.0445913062084289
ARUNACHAL PRADESH,CHANGLANG,ARUNACHAL PRADESH,CHANGLANG,0.0795964125560538
ARUNACHAL PRADESH,KAMENG EAST,ARUNACHAL PRADESH,KAMENG EAST,0.053558512946622304
ARUNACHAL PRADESH,SIANG EAST,ARUNACHAL PRADESH,SIANG EAST,0.10393461594098076
ARUNACHAL PRADESH,K/KUMEY,ARUNACHAL PRADESH,K/KUMEY,0.018335020974974685
ARUNACHAL PRADESH,LOHIT,ARUNACHAL PRADESH,LOHIT,0.07789671633154925
ARUNACHAL PRADESH,DIBANG VALLEY,ARUNACHAL PRADESH,DIBANG VALLEY,0.052220454216693184
ARUNACHAL PRADESH,SUBANSIRI LOWER,ARUNACHAL PRADESH,SUBANSIRI LOWER,0.052799074208013885
ARUNACHAL PRADESH,PAPUM PARE,ARUNACHAL PRADESH,PAPUM PARE,0.21166642557500362
ARUNACHAL PRADESH,TAWANG,ARUNACHAL PRADESH,TAWANG,0.02097497468537538
ARUNACHAL PRADESH,TIRAP,ARUNACHAL PRADESH,TIRAP,0.05883842036742369
ARUNACHAL PRADESH,UPPER DIBANG VALLEY,ARUNACHAL PRADESH,UPPER DIBANG VALLEY,0.005352234919716477
ARUNACHAL PRADESH,SIANG UPPER,ARUNACHAL PRADESH,SIANG UPPER,0.02589324461160133
ARUNACHAL PRADESH,SUBANSIRI UPPER,ARUNACHAL PRADESH,SUBANSIRI UPPER,0.06390134529147982
ARUNACHAL PRADESH,KAMENG WEST,ARUNACHAL PRADESH,KAMENG WEST,0.04690438304643425
ARUNACHAL PRADESH,SIANG WEST,ARUNACHAL PRADESH,SIANG WEST,0.11427744828583827
ASSAM,BARPETA,ASSAM,BARPETA,0.04714235049283664
ASSAM,BONGAIGAON,ASSAM,BONGAIGAON,0.021568712736129977
ASSAM,CACHAR,ASSAM,CACHAR,0.08080111883619623
ASSAM,DARRANG,ASSAM,DARRANG,0.03492682730977443
ASSAM,DHEMAJI,ASSAM,DHEMAJI,0.019564577324830534
ASSAM,DHUBRI,ASSAM,DHUBRI,0.05884596596650183
ASSAM,DIBRUGARH,ASSAM,DIBRUGARH,0.04296344376710541
ASSAM,GOALPARA,ASSAM,GOALPARA,0.02901144933451998
ASSAM,GOLAGHAT,ASSAM,GOLAGHAT,0.031278230204562336
ASSAM,HAILAKANDI,ASSAM,HAILAKANDI,0.020807542776078852
ASSAM,JORHAT,ASSAM,JORHAT,0.02991648878152582
ASSAM,KAMRUP,ASSAM,KAMRUP,0.04492241085110512
ASSAM,KARBI ANGLONG,ASSAM,KARBI ANGLONG,0.01364083484452058
ASSAM,KARIMGANJ,ASSAM,KARIMGANJ,0.02503496363113202
ASSAM,KOKRAJHAR,ASSAM,KOKRAJHAR,0.028430952683667802
ASSAM,LAKHIMPUR,ASSAM,LAKHIMPUR,0.035913838906324234
ASSAM,MORIGAON,ASSAM,MORIGAON,0.02237505102348084
ASSAM,NAGAON,ASSAM,NAGAON,0.08578134514624501
ASSAM,NALBARI,ASSAM,NALBARI,0.024059662341659918
ASSAM,N.C.HILLS,ASSAM,N.C.HILLS,0.004551963651206831
ASSAM,SIBSAGAR,ASSAM,SIBSAGAR,0.040347026585742865
ASSAM,SONITPUR,ASSAM,SONITPUR,0.056288100320527834
ASSAM,TINSUKIA,ASSAM,TINSUKIA,0.03997564256127836
BIHAR,ARARIA,BIHAR,ARARIA,0.02110610394616922
BIHAR,AURANGABAD,BIHAR,AURANGABAD,0.023727375838691875
BIHAR,BANKA,BIHAR,BANKA,0.014370571636337707
BIHAR,BEGUSARAI,BIHAR,BEGUSARAI,0.0282442232114406
BIHAR,BHABHUA,BIHAR,BHABHUA,0.014326747595062887
BIHAR,BHAGALPUR,BIHAR,BHAGALPUR,0.028549505939643154
BIHAR,BHOJPUR,BIHAR,BHOJPUR,0.03008706128606477
BIHAR,BUXAR,BIHAR,BUXAR,0.01641321762796063
BIHAR,DARBHANGA,BIHAR,DARBHANGA,0.03370960110466295
BIHAR,GAYA,BIHAR,GAYA,0.03582801069306607
BIHAR,GOPALGANJ,BIHAR,GOPALGANJ,0.023405009162195747
BIHAR,JAMUI,BIHAR,JAMUI,0.013870680453660533
BIHAR,JEHANABAD,BIHAR,JEHANABAD,0.012948147245807562
BIHAR,KATIHAR,BIHAR,KATIHAR,0.02215565259568311
BIHAR,KHAGARIA,BIHAR,KHAGARIA,0.014361658272010625
BIHAR,KISHANGANJ,BIHAR,KISHANGANJ,0.00999708087318288
BIHAR,LAKHISARAI,BIHAR,LAKHISARAI,0.009327092987930562
BIHAR,MADHEPURA,BIHAR,MADHEPURA,0.012977858460231168
BIHAR,MADHUBANI,BIHAR,MADHUBANI,0.03125842591471544
BIHAR,MUNGER,BIHAR,MUNGER,0.016872998671165935
BIHAR,MUZAFFARPUR,BIHAR,MUZAFFARPUR,0.051439025531589334
BIHAR,NALANDA,BIHAR,NALANDA,0.0339175796056282
BIHAR,NAWADAH,BIHAR,NAWADAH,0.01684922969962705
BIHAR,PASHCHIM CHAMPARAN,,,
BIHAR,PATNA,BIHAR,PATNA,0.10959129996219248
BIHAR,PURBA CHAMPARAN,,,
BIHAR,PURNEA,BIHAR,PURNEA,0.023322560542170242
BIHAR,ROHTAS,BIHAR,ROHTAS,0.030978397718772956
BIHAR,SAHARSA,BIHAR,SAHARSA,0.015090325805749566
BIHAR,SAMASTIPUR,BIHAR,SAMASTIPUR,0.03143297929945413
BIHAR,SARAN,BIHAR,SARAN,0.035262754838656964
BIHAR,SHEIKHPURA,BIHAR,SHEIKHPURA,0.007700403998238125
BIHAR,SHEOHAR,BIHAR,SHEOHAR,0.004421771486593186
BIHAR,SITAMARHI,BIHAR,SITAMARHI,0.026286996961285544
BIHAR,SIWAN,BIHAR,SIWAN,0.022918488026009196
BIHAR,SUPAUL,BIHAR,SUPAUL,0.015377039024937365
BIHAR,VAISHALI,BIHAR,VAISHALI,0.03654776486247793
CHANDIGARH,CHANDIGARH,CHANDIGARH,CHANDIGARH,1.0
CHHATTISGARH,BALODA BAZAR,CHHATTISGARH,BALODA BAZAR,0.004226178062731384
CHHATTISGARH,BILASPUR,CHHATTISGARH,BILASPUR,0.11593024934628815
CHHATTISGARH,DANTEWARA,CHHATTISGARH,DANTEWARA,0.014423548242776195
CHHATTISGARH,DHAMTARI,CHHATTISGARH,DHAMTARI,0.028590424346778318
CHHATTISGARH,DURG,CHHATTISGARH,DURG,0.15537041889249537
CHHATTISGARH,JANJGIR,CHHATTISGARH,JANJGIR,0.05702577594304731
CHHATTISGARH,JASHPUR,CHHATTISGARH,JASHPUR,0.021972204546305257
CHHATTISGARH,KANKER,CHHATTISGARH,KANKER,0.02102394358916772
CHHATTISGARH,KAWARDHA,CHHATTISGARH,KAWARDHA,0.0012209751045849843
CHHATTISGARH,KORBA,CHHATTISGARH,KORBA,0.05010097553237188
CHHATTISGARH,KORIYA,CHHATTISGARH,KORIYA,0.03339233227634321
CHHATTISGARH,MAHASAMUND,CHHATTISGARH,MAHASAMUND,0.03382190161970814
CHHATTISGARH,RAIGARH,CHHATTISGARH,RAIGARH,0.05272830006398979
CHHATTISGARH,RAIPUR,CHHATTISGARH,RAIPUR,0.17558869715717781
CHHATTISGARH,RAJNANDGAON,CHHATTISGARH,RAJNANDGAON,0.058818916023649484
CHHATTISGARH,SARGUJA,CHHATTISGARH,SARGUJA,0.04609938559106781
D & N HAVELI,D & N HAVELI,,,
DAMAN & DIU,DAMAN,DAMAN & DIU,DAMAN,0.8134328358208955
DAMAN & DIU,DIU,DAMAN & DIU,DIU,0.1865671641791045
DELHI UT,NEW DELHI,DELHI UT,NEW DELHI,0.03745100083073531
GOA,NORTH GOA,GOA,NORTH GOA,0.5693426102149699
GOA,SOUTH GOA,GOA,SOUTH GOA,0.4306573897850301
GUJARAT,AHMADABAD COMMR.,,,
GUJARAT,AMRELI,GUJARAT,AMRELI,0.020025617434287674
GUJARAT,ANAND,GUJARAT,ANAND,0.029855496022081505
GUJARAT,BHAVNAGAR,GUJARAT,BHAVNAGAR,0.047420396529018055
GUJARAT,BHARUCH,GUJARAT,BHARUCH,0.024797676390467427
GUJARAT,BHAVNAGAR,GUJARAT,BHAVNAGAR,0.047420396529018055
GUJARAT,DAHOD,GUJARAT,DAHOD,0.014733993613681875
GUJARAT,GANDHINAGAR,GUJARAT,GANDHINAGAR,0.0354090671285021
GUJARAT,JAMNAGAR,GUJARAT,JAMNAGAR,0.0385084158683769
GUJARAT,JUNAGADH,GUJARAT,JUNAGADH,0.042362576897403977
GUJARAT,KUTH (EAST(G)),,,
GUJARAT,KHEDA NORTH,GUJARAT,KHEDA NORTH,0.038444191878190904
GUJARAT,MEHSANA,GUJARAT,MEHSANA,0.04156302430048168
GUJARAT,NARMADA,GUJARAT,NARMADA,0.006146740993306994
GUJARAT,NAVSARI,GUJARAT,NAVSARI,0.010557991015857552
GUJARAT,PANCH MAHALS,,,
GUJARAT,PATAN,GUJARAT,PATAN,0.023006620843932096
GUJARAT,PORBANDAR,GUJARAT,PORBANDAR,0.008650754992693618
GUJARAT,RAJKOT COMMR.,GUJARAT,RAJKOT COMMR.,0.03765113384207393
GUJARAT,HIMATNAGAR,GUJARAT,HIMATNAGAR,0.040860168497772006
GUJARAT,SURAT COMMR.,GUJARAT,SURAT COMMR.,0.061366383431653765
GUJARAT,SURENDRANAGAR,GUJARAT,SURENDRANAGAR,0.026300084790099404
GUJARAT,DAHOD,GUJARAT,DAHOD,0.014733993613681875
GUJARAT,VADODARA COMMR.,GUJARAT,VADODARA COMMR.,0.04867168191084411
GUJARAT,VALSAD,GUJARAT,VALSAD,0.019610687160614097
HARYANA,AMBALA,HARYANA,AMBALA,0.04446643138032229
HARYANA,BHIWANI,HARYANA,BHIWANI,0.050359228829688414
HARYANA,FARIDABAD,HARYANA,FARIDABAD,0.10747468096078804
HARYANA,FATEHABAD,HARYANA,FATEHABAD,0.02729030426522292
HARYANA,GURGAON,HARYANA,GURGAON,0.1087866179071834
HARYANA,HISSAR,HARYANA,HISSAR,0.06424627458621912
HARYANA,JHAJJAR,HARYANA,JHAJJAR,0.03277994567472363
HARYANA,JIND,HARYANA,JIND,0.0345319946313054
HARYANA,KAITHAL,HARYANA,KAITHAL,0.029714279954913717
HARYANA,KARNAL,HARYANA,KARNAL,0.05970069023673659
HARYANA,KURUKSHETRA,HARYANA,KURUKSHETRA,0.044511786434807146
HARYANA,MAHENDRAGARH,HARYANA,MAHENDRAGARH,0.03127482979255942
HARYANA,PANCHKULA,HARYANA,PANCHKULA,0.026772920680728972
HARYANA,PANIPAT,HARYANA,PANIPAT,0.049042252432794725
HARYANA,REWARI,HARYANA,REWARI,0.039054061545129116
HARYANA,ROHTAK,HARYANA,ROHTAK,0.04822250181840172
HARYANA,SIRSA,HARYANA,SIRSA,0.03763461632143631
HARYANA,SONIPAT,HARYANA,SONIPAT,0.054748590213723095
HARYANA,YAMUNANAGAR,HARYANA,YAMUNANAGAR,0.03581537469154363
HIMACHAL PRADESH,BILASPUR,HIMACHAL PRADESH,BILASPUR,0.08542865993752743
HIMACHAL PRADESH,CHAMBA,HIMACHAL PRADESH,CHAMBA,0.05012004027157498
HIMACHAL PRADESH,HAMIRPUR,HIMACHAL PRADESH,HAMIRPUR,0.071985440276738
HIMACHAL PRADESH,KANGRA,HIMACHAL PRADESH,KANGRA,0.17516198982884582
HIMACHAL PRADESH,KINNAUR,HIMACHAL PRADESH,KINNAUR,0.014508093037664248
HIMACHAL PRADESH,KULLU,HIMACHAL PRADESH,KULLU,0.06553166223507241
HIMACHAL PRADESH,LAHAUL-SPITI,HIMACHAL PRADESH,LAHAUL-SPITI,0.005305005550249116
HIMACHAL PRADESH,MANDI,HIMACHAL PRADESH,MANDI,0.1423058058187263
HIMACHAL PRADESH,SHIMLA,HIMACHAL PRADESH,SHIMLA,0.15456153031984923
HIMACHAL PRADESH,SIRMAUR,HIMACHAL PRADESH,SIRMAUR,0.06076232026228154
HIMACHAL PRADESH,SOLAN,HIMACHAL PRADESH,SOLAN,0.09266334512223455
HIMACHAL PRADESH,UNA,HIMACHAL PRADESH,UNA,0.06850685391228024
JAMMU & KASHMIR,ANANTNAG (KASHMIR SOUTH),,,
JAMMU & KASHMIR,BAGDAM,,,
JAMMU & KASHMIR,BARAMULA (KASHMIR NORTH),,,
JAMMU & KASHMIR,DODA,JAMMU & KASHMIR,DODA,0.034708957959522294
JAMMU & KASHMIR,JAMMU,JAMMU & KASHMIR,JAMMU,0.16766413922170129
JAMMU & KASHMIR,KARGIL,JAMMU & KASHMIR,KARGIL,0.004587987883698945
JAMMU & KASHMIR,KATHUA,JAMMU & KASHMIR,KATHUA,0.04882020412494453
JAMMU & KASHMIR,KUPWARA (MUZAFFARABAD),,,
JAMMU & KASHMIR,LADAKH (LEH),,,
JAMMU & KASHMIR,PULWAMA,JAMMU & KASHMIR,PULWAMA,0.03377901256005093
JAMMU & KASHMIR,PUNCH,,,
JAMMU & KASHMIR,RAJAURI,,,
JAMMU & KASHMIR,SRINAGAR,JAMMU & KASHMIR,SRINAGAR,0.13016534506376493
JAMMU & KASHMIR,UDHAMPUR,JAMMU & KASHMIR,UDHAMPUR,0.047897976114680406
JHARKHAND,BOKARO,JHARKHAND,BOKARO,0.07209169624317215
JHARKHAND,CHATRA,JHARKHAND,CHATRA,0.025256244213935804
JHARKHAND,DEOGHAR,JHARKHAND,DEOGHAR,0.04380953282932916
JHARKHAND,DHANBAD,JHARKHAND,DHANBAD,0.10210464755617958
JHARKHAND,DUMKA,JHARKHAND,DUMKA,0.03902678104230841
JHARKHAND,GARHWA,JHARKHAND,GARHWA,0.03448790224244763
JHARKHAND,GIRIDIH,JHARKHAND,GIRIDIH,0.06918652968739271
JHARKHAND,GODDA,JHARKHAND,GODDA,0.0450360008618424
JHARKHAND,GUMLA,JHARKHAND,GUMLA,0.02453409604807376
JHARKHAND,HAZARIBAGH,JHARKHAND,HAZARIBAGH,0.07566218619110644
JHARKHAND,JAMTARA,JHARKHAND,JAMTARA,0.016900634780076286
JHARKHAND,KODERMA,JHARKHAND,KODERMA,0.02443938809189513
JHARKHAND,LATEHAR,JHARKHAND,LATEHAR,0.01438377084462923
JHARKHAND,LOHARDAGGA,JHARKHAND,LOHARDAGGA,0.014315107576399724
JHARKHAND,PAKUR,JHARKHAND,PAKUR,0.019550089854173426
JHARKHAND,PALAMU,JHARKHAND,PALAMU,0.050405941977170646
JHARKHAND,SIMDEGA,JHARKHAND,SIMDEGA,0.010479435351165262
JHARKHAND,PURBA SINGHBHUM,,,
JHARKHAND,RANCHI,JHARKHAND,RANCHI,0.11871642306991105
JHARKHAND,SAHEBGANJ,JHARKHAND,SAHEBGANJ,0.025005268130062437
JHARKHAND,SARAIKELA,JHARKHAND,SARAIKELA,0.024950811055259724
JHARKHAND,SIMDEGA,JHARKHAND,SIMDEGA,0.010479435351165262
KARNATAKA,BAGALKOT,KARNATAKA,BAGALKOT,0.016692065091086606
KARNATAKA,BANGALORE RURAL,KARNATAKA,BANGALORE RURAL,0.052300948710486996
KARNATAKA,BANGALORE COMMR.,KARNATAKA,BANGALORE COMMR.,0.23655104475636757
KARNATAKA,BELGAUM,KARNATAKA,BELGAUM,0.04975953082346936
KARNATAKA,BELLARY,KARNATAKA,BELLARY,0.028258757392494446
KARNATAKA,BIDAR,KARNATAKA,BIDAR,0.0306523085108466
KARNATAKA,BIJAPUR,KARNATAKA,BIJAPUR,0.025648470051577818
KARNATAKA,CHAMARAJNAGAR,KARNATAKA,CHAMARAJNAGAR,0.012491703593972708
KARNATAKA,CHICKMAGALUR,KARNATAKA,CHICKMAGALUR,0.023430468521595638
KARNATAKA,CHITRADURGA,KARNATAKA,CHITRADURGA,0.03036940359728114
KARNATAKA,DAKSHIN KANNADA,KARNATAKA,DAKSHIN KANNADA,0.028547739022580402
KARNATAKA,DAVANAGERE,KARNATAKA,DAVANAGERE,0.024419622932987994
KARNATAKA,DHARWAD COMMR.,KARNATAKA,DHARWAD COMMR.,0.0160445571862912
KARNATAKA,GADAG,KARNATAKA,GADAG,0.008386543989013296
KARNATAKA,GULBARGA,KARNATAKA,GULBARGA,0.03853988655445447
KARNATAKA,HASSAN,KARNATAKA,HASSAN,0.03885114947844893
KARNATAKA,HAVERI,KARNATAKA,HAVERI,0.016966192525233566
KARNATAKA,KODAGU,KARNATAKA,KODAGU,0.012859007348100655
KARNATAKA,KOLAR,KARNATAKA,KOLAR,0.022587830497419758
KARNATAKA,KOPPAL,KARNATAKA,KOPPAL,0.012931252755622144
KARNATAKA,MANDYA,KARNATAKA,MANDYA,0.03857027013705697
KARNATAKA,MYSORE COMMR.,KARNATAKA,MYSORE COMMR.,0.02124082500204245
KARNATAKA,RAICHUR,KARNATAKA,RAICHUR,0.02270261292058474
KARNATAKA,SHIMOGA,KARNATAKA,SHIMOGA,0.03740354056512113
KARNATAKA,TUMKUR,KARNATAKA,TUMKUR,0.03776814355635108
KARNATAKA,UDUPI,KARNATAKA,UDUPI,0.018833770069200298
KARNATAKA,UTTAR KANNANDA,,,
KERALA,ALAPUZHA,KERALA,ALAPUZHA,0.06594135902310953
KERALA,ERNAKULAM,KERALA,ERNAKULAM,0.021229127230759277
KERALA,IDUKKI,KERALA,IDUKKI,0.04368055019308377
KERALA,KANNUR,KERALA,KANNUR,0.049657764151881896
KERALA,KASARGOD,KERALA,KASARGOD,0.028599076564966373
KERALA,KOLLAM,KERALA,KOLLAM,0.06787741424277145
KERALA,KOTTAYAM,KERALA,KOTTAYAM,0.06802211402203472
KERALA,KOZHIKODE,KERALA,KOZHIKODE,0.011923818348905952
KERALA,MALAPPURAM,KERALA,MALAPPURAM,0.06834212314925156
KERALA,PALAKKAD,KERALA,PALAKKAD,0.05615673212244662
KERALA,PATHANAMTHITTA,KERALA,PATHANAMTHITTA,0.03998374910171351
KERALA,TRIVANDRUM COMMR.,KERALA,TRIVANDRUM COMMR.,0.039674175054731996
KERALA,THRISSUR,KERALA,THRISSUR,0.07067540708987179
KERALA,WAYANADU,KERALA,WAYANADU,0.021091384171652895
LAKSHADWEEP,LAKSHADWEEP,LAKSHADWEEP,LAKSHADWEEP,1.0
MADHYA PRADESH,ANUPPUR,MADHYA PRADESH,ANUPPUR,0.005744540697746678
MADHYA PRADESH,ASHOK NAGAR,MADHYA PRADESH,ASHOK NAGAR,0.00950049093327036
MADHYA PRADESH,BALAGHAT,MADHYA PRADESH,BALAGHAT,0.01334427058087556
MADHYA PRADESH,BARWANI,MADHYA PRADESH,BARWANI,0.01037339928825033
MADHYA PRADESH,BETUL,MADHYA PRADESH,BETUL,0.015411576082228215
MADHYA PRADESH,BHIND,MADHYA PRADESH,BHIND,0.017768470069642096
MADHYA PRADESH,BHOPAL,MADHYA PRADESH,BHOPAL,0.07025317242322177
MADHYA PRADESH,BURHANPUR,MADHYA PRADESH,BURHANPUR,0.005159149380429784
MADHYA PRADESH,CHHATARPUR,MADHYA PRADESH,CHHATARPUR,0.021275017918028643
MADHYA PRADESH,CHHINDWARA,MADHYA PRADESH,CHHINDWARA,0.021671493141434354
MADHYA PRADESH,DAMOH,MADHYA PRADESH,DAMOH,0.014412723664640791
MADHYA PRADESH,DATIYA,MADHYA PRADESH,DATIYA,0.011355680118652563
MADHYA PRADESH,DEWAS,MADHYA PRADESH,DEWAS,0.029524768308496666
MADHYA PRADESH,DHAR,MADHYA PRADESH,DHAR,0.026108121320589782
MADHYA PRADESH,DINDORI,MADHYA PRADESH,DINDORI,0.004335127207646131
MADHYA PRADESH,KHANDWA,MADHYA PRADESH,KHANDWA,0.01710726374095295
MADHYA PRADESH,GUNA,MADHYA PRADESH,GUNA,0.01934401372127419
MADHYA PRADESH,GWALIOR,MADHYA PRADESH,GWALIOR,0.04607149811291051
MADHYA PRADESH,HARDA,MADHYA PRADESH,HARDA,0.005763598023009649
MADHYA PRADESH,HOSHANGABAD,MADHYA PRADESH,HOSHANGABAD,0.017115135244865916
MADHYA PRADESH,INDORE,MADHYA PRADESH,INDORE,0.08467998193696996
MADHYA PRADESH,JABALPUR,MADHYA PRADESH,JABALPUR,0.049485245073059986
MADHYA PRADESH,JHABUA,MADHYA PRADESH,JHABUA,0.012024343661575046
MADHYA PRADESH,KATNI,MADHYA PRADESH,KATNI,0.014051048774323983
MADHYA PRADESH,MANDLA,MADHYA PRADESH,MANDLA,0.009377861188099943
MADHYA PRADESH,MANDSAUR,MADHYA PRADESH,MANDSAUR,0.015607120811013477
MADHYA PRADESH,MORENA,MADHYA PRADESH,MORENA,0.024976696205520826
MADHYA PRADESH,NARSINGHPUR,MADHYA PRADESH,NARSINGHPUR,0.012751422049325329
MADHYA PRADESH,NEEMUCH,MADHYA PRADESH,NEEMUCH,0.010466200176487403
MADHYA PRADESH,PANNA,MADHYA PRADESH,PANNA,0.008871184909912708
MADHYA PRADESH,RAISEN,MADHYA PRADESH,RAISEN,0.018088715991995925
MADHYA PRADESH,RAJGARH,MADHYA PRADESH,RAJGARH,0.022477286568314297
MADHYA PRADESH,RATLAM,MADHYA PRADESH,RATLAM,0.018097416075268147
MADHYA PRADESH,REWA,MADHYA PRADESH,REWA,0.023866399864112986
MADHYA PRADESH,SAGAR,MADHYA PRADESH,SAGAR,0.039364562489383824
MADHYA PRADESH,SATNA,MADHYA PRADESH,SATNA,0.02595441984944713
MADHYA PRADESH,SEONI,MADHYA PRADESH,SEONI,0.012199588196058448
MADHYA PRADESH,SEONI,MADHYA PRADESH,SEONI,0.012199588196058448
MADHYA PRADESH,SHAHDOL,MADHYA PRADESH,SHAHDOL,0.015949738376067314
MADHYA PRADESH,SHAJAPUR,MADHYA PRADESH,SHAJAPUR,0.017905185663919927
MADHYA PRADESH,SHEOPUR,MADHYA PRADESH,SHEOPUR,0.006036200632206051
MADHYA PRADESH,SHIVPURI,MADHYA PRADESH,SHIVPURI,0.021136230875352664
MADHYA PRADESH,SIDHI,MADHYA PRADESH,SIDHI,0.016243884048604464
MADHYA PRADESH,TIKAMGARH,MADHYA PRADESH,TIKAMGARH,0.01570033598893018
MADHYA PRADESH,UJJAIN,MADHYA PRADESH,UJJAIN,0.04053451654465835
MADHYA PRADESH,UMARIA,,,
MADHYA PRADESH,VIDISHA,MADHYA PRADESH,VIDISHA,0.0207306412789951
MADHYA PRADESH,KHARGON,MADHYA PRADESH,KHARGON,0.019969591137515175
MAHARASHTRA,AHMEDNAGAR,MAHARASHTRA,AHMEDNAGAR,0.031565436634239975
MAHARASHTRA,AKOLA,MAHARASHTRA,AKOLA,0.021703272051643414
MAHARASHTRA,AMRAVATI COMMR.,MAHARASHTRA,AMRAVATI COMMR.,0.014438937361773105
MAHARASHTRA,AURANGABAD COMMR.,MAHARASHTRA,AURANGABAD COMMR.,0.015998690968208475
MAHARASHTRA,BHANDARA,MAHARASHTRA,BHANDARA,0.01247011132048582
MAHARASHTRA,BEED,MAHARASHTRA,BEED,0.021615299485008593
MAHARASHTRA,BULDHANA,MAHARASHTRA,BULDHANA,0.020756687234652745
MAHARASHTRA,CHANDRAPUR,MAHARASHTRA,CHANDRAPUR,0.019573016350581236
MAHARASHTRA,DHULE,MAHARASHTRA,DHULE,0.012822001587025102
MAHARASHTRA,GADCHIROLI,MAHARASHTRA,GADCHIROLI,0.006538121152299867
MAHARASHTRA,GONDIA,MAHARASHTRA,GONDIA,0.010430907225890679
MAHARASHTRA,MUMBAI ,,,
MAHARASHTRA,HINGOLI,MAHARASHTRA,HINGOLI,0.009063813540385567
MAHARASHTRA,JALGAON,MAHARASHTRA,JALGAON,0.024501239533463885
MAHARASHTRA,JALNA,MAHARASHTRA,JALNA,0.014586731273719603
MAHARASHTRA,KOLHAPUR,MAHARASHTRA,KOLHAPUR,0.019593689903740417
MAHARASHTRA,LATUR,MAHARASHTRA,LATUR,0.017905056487185038
MAHARASHTRA,NAGPUR COMMR.,MAHARASHTRA,NAGPUR COMMR.,0.04592607841170809
MAHARASHTRA,NANDED,MAHARASHTRA,NANDED,0.027480870365385258
MAHARASHTRA,NANDURBAR,MAHARASHTRA,NANDURBAR,0.007056719432612134
MAHARASHTRA,NASIK COMMR.,MAHARASHTRA,NASIK COMMR.,0.017648616455444535
MAHARASHTRA,OSMANABAD,MAHARASHTRA,OSMANABAD,0.015164711036510375
MAHARASHTRA,PARBHANI,MAHARASHTRA,PARBHANI,0.01389702635130261
MAHARASHTRA,PUNE COMMR.,MAHARASHTRA,PUNE COMMR.,0.06156892034787872
MAHARASHTRA,RAIGAD,MAHARASHTRA,RAIGAD,0.011546839233653378
MAHARASHTRA,RATNAGIRI,MAHARASHTRA,RATNAGIRI,0.007662850416726048
MAHARASHTRA,SANGLI,MAHARASHTRA,SANGLI,0.014739363676831017
MAHARASHTRA,SATARA,MAHARASHTRA,SATARA,0.021421319975578817
MAHARASHTRA,SINDHUDURG,MAHARASHTRA,SINDHUDURG,0.004280305229617196
MAHARASHTRA,SOLAPUR,,,
MAHARASHTRA,THANE COMMR.,MAHARASHTRA,THANE COMMR.,0.04425767868547872
MAHARASHTRA,WARDHA,MAHARASHTRA,WARDHA,0.020204219516186072
MAHARASHTRA,WASHIM,MAHARASHTRA,WASHIM,0.011035278758671895
MAHARASHTRA,YAVATMAL,MAHARASHTRA,YAVATMAL,0.02591715799345132
MANIPUR,BISHNUPUR,MANIPUR,BISHNUPUR,0.10298813868613138
MANIPUR,CHANDEL,MANIPUR,CHANDEL,0.02597513686131387
MANIPUR,CHURACHANDPUR,MANIPUR,CHURACHANDPUR,0.04428033759124088
MANIPUR,IMPHAL EAST,MANIPUR,IMPHAL EAST,0.11906934306569343
MANIPUR,SENAPATI,MANIPUR,SENAPATI,0.04904197080291971
MANIPUR,TAMENGLONG,MANIPUR,TAMENGLONG,0.013201414233576642
MANIPUR,THOUBAL,MANIPUR,THOUBAL,0.1721886405109489
MANIPUR,UKHRUL,MANIPUR,UKHRUL,0.02166970802919708
MANIPUR,IMPHAL WEST,MANIPUR,IMPHAL WEST,0.24255816605839417
MEGHALAYA,GARO HILLS EAST,MEGHALAYA,GARO HILLS EAST,0.07014139173828667
MEGHALAYA,KHASI HILLS EAST,MEGHALAYA,KHASI HILLS EAST,0.40033268644302744
MEGHALAYA,JAINTIA HILLS,MEGHALAYA,JAINTIA HILLS,0.15133272604855638
MEGHALAYA,RI-BHOI,MEGHALAYA,RI-BHOI,0.09980593290823399
MEGHALAYA,GARO HILLS SOUTH,MEGHALAYA,GARO HILLS SOUTH,0.029545724583151807
MEGHALAYA,GARO HILLS WEST,MEGHALAYA,GARO HILLS WEST,0.17042259099370272
MEGHALAYA,WEST KHASI HILLS,,,
MIZORAM,AIZAWL,MIZORAM,AIZAWL,0.4851985007266886
MIZORAM,CHAMPHAI,MIZORAM,CHAMPHAI,0.0889237359443127
MIZORAM,KOLASIB,MIZORAM,KOLASIB,0.08926795685764553
MIZORAM,LAWNGTLAI,MIZORAM,LAWNGTLAI,0.06253346592212958
MIZORAM,LUNGLEI,MIZORAM,LUNGLEI,0.12063030673908055
MIZORAM,MAMIT,MIZORAM,MAMIT,0.03625793620439073
MIZORAM,SAIHA,MIZORAM,SAIHA,0.0750019123384074
MIZORAM,SERCHHIP,MIZORAM,SERCHHIP,0.04218618526734491
NAGALAND,DIMAPUR,NAGALAND,DIMAPUR,0.41232010964745297
NAGALAND,KOHIMA,NAGALAND,KOHIMA,0.20635041498515191
NAGALAND,MOKOKCHUNG,NAGALAND,MOKOKCHUNG,0.06396101423894007
NAGALAND,MON,NAGALAND,MON,0.058707073783598566
NAGALAND,PHEK,NAGALAND,PHEK,0.04591487093581055
NAGALAND,TUENSANG,NAGALAND,TUENSANG,0.04256453209472322
NAGALAND,WOKHA,NAGALAND,WOKHA,0.06868194624229042
NAGALAND,ZUNHEBOTO,NAGALAND,ZUNHEBOTO,0.055661311200791895
ODISHA,ANGUL,ODISHA,ANGUL,0.04429381460800746
ODISHA,BALESHWAR,,,
ODISHA,BARAGARH,ODISHA,BARAGARH,0.027168930744228686
ODISHA,BHADRAK,ODISHA,BHADRAK,0.03419420754198652
ODISHA,BOLANGIR,ODISHA,BOLANGIR,0.03293329999722199
ODISHA,BOUDH,ODISHA,BOUDH,0.00819049735626117
ODISHA,CUTTACK,ODISHA,CUTTACK,0.06312563083960701
ODISHA,DEOGARH,ODISHA,DEOGARH,0.009821806138165835
ODISHA,DHENKANAL,ODISHA,DHENKANAL,0.02956264873924679
ODISHA,GAJAPATI,ODISHA,GAJAPATI,0.007770709287502353
ODISHA,GANJAM,ODISHA,GANJAM,0.03765437243227059
ODISHA,JAGATSINGHPUR,ODISHA,JAGATSINGHPUR,0.026472885086102856
ODISHA,JAJPUR,ODISHA,JAJPUR,0.03797693017628012
ODISHA,JHARSUGUDA,ODISHA,JHARSUGUDA,0.021489445108079996
ODISHA,KALAHANDI,ODISHA,KALAHANDI,0.023177857414043764
ODISHA,KANDHAMAL,ODISHA,KANDHAMAL,0.017651162288215377
ODISHA,KENDRAPARA,ODISHA,KENDRAPARA,0.024191830800714874
ODISHA,KEONJHAR,ODISHA,KEONJHAR,0.04010673728983588
ODISHA,KHORDHA,,,
ODISHA,KORAPUT,ODISHA,KORAPUT,0.027276964438394558
ODISHA,MALKANGIRI,,,
ODISHA,MAYURBHANJ,ODISHA,MAYURBHANJ,0.04229519126593883
ODISHA,NABARANGPUR,,,
ODISHA,NAYAGARH,ODISHA,NAYAGARH,0.019649785630284005
ODISHA,NUAPADA,ODISHA,NUAPADA,0.012707849110882697
ODISHA,PURI,ODISHA,PURI,0.05052118540742593
ODISHA,RAYAGADA,ODISHA,RAYAGADA,0.016418034836236352
ODISHA,SAMBALPUR,ODISHA,SAMBALPUR,0.04041231831047649
ODISHA,SONEPUR,ODISHA,SONEPUR,0.008946733215422272
ODISHA,SUNDARGARH,ODISHA,SUNDARGARH,0.02837582144191028
PUDUCHERRY,KARAIKAL,PUDUCHERRY,KARAIKAL,0.09777145391381477
PUDUCHERRY,PUDUCHERRY,PUDUCHERRY,PUDUCHERRY,0.340102742257373
PUDUCHERRY,PUDUCHERRY,PUDUCHERRY,PUDUCHERRY,0.340102742257373
PUDUCHERRY,PONDICHERRY,PUDUCHERRY,PONDICHERRY,0.5621258038288122
PUNJAB,AMRITSAR,PUNJAB,AMRITSAR,0.04133485711905574
PUNJAB,BHATINDA,PUNJAB,BHATINDA,0.05074050258896054
PUNJAB,FARIDKOT,PUNJAB,FARIDKOT,0.02275265469332077
PUNJAB,FATEHGARH SAHIB,PUNJAB,FATEHGARH SAHIB,0.02430681199903158
PUNJAB,FEROZPUR,PUNJAB,FEROZPUR,0.034246129575587494
PUNJAB,GURDASPUR,PUNJAB,GURDASPUR,0.02792016265284499
PUNJAB,HOSHIARPUR,PUNJAB,HOSHIARPUR,0.04500287662281878
PUNJAB,JALANDHAR,PUNJAB,JALANDHAR,0.07913185866279993
PUNJAB,KAPURTHALA,PUNJAB,KAPURTHALA,0.03503752626057256
PUNJAB,LUDHIANA,PUNJAB,LUDHIANA,0.08672301897009094
PUNJAB,MANSA,PUNJAB,MANSA,0.020271730217035336
PUNJAB,MOGA,PUNJAB,MOGA,0.03220515917746811
PUNJAB,MUKTSAR,PUNJAB,MUKTSAR,0.021622831794361818
PUNJAB,NAWAN SHAHR,PUNJAB,NAWAN SHAHR,0.01348758626614358
PUNJAB,PATIALA,PUNJAB,PATIALA,0.0944599628772476
PUNJAB,ROPAR,PUNJAB,ROPAR,0.03395195909728713
PUNJAB,SANGRUR,PUNJAB,SANGRUR,0.048866142019259054
RAJASTHAN,AJMER,RAJASTHAN,AJMER,0.04188282228290505
RAJASTHAN,ALWAR,RAJASTHAN,ALWAR,0.054624239459113454
RAJASTHAN,BANSWARA,RAJASTHAN,BANSWARA,0.0173353750924072
RAJASTHAN,BARAN,RAJASTHAN,BARAN,0.02122132682729175
RAJASTHAN,BARMER,RAJASTHAN,BARMER,0.01819963834570099
RAJASTHAN,BHARATPUR,RAJASTHAN,BHARATPUR,0.04905071134684975
RAJASTHAN,BHILWARA,RAJASTHAN,BHILWARA,0.03482646843930436
RAJASTHAN,BIKANER,RAJASTHAN,BIKANER,0.024628269813935545
RAJASTHAN,BUNDI,RAJASTHAN,BUNDI,0.022242924787544263
RAJASTHAN,CHITTORGARH,RAJASTHAN,CHITTORGARH,0.036406820136256166
RAJASTHAN,CHURU,RAJASTHAN,CHURU,0.018292314953909553
RAJASTHAN,DAUSA,RAJASTHAN,DAUSA,0.027531957265307265
RAJASTHAN,DHOLPUR,RAJASTHAN,DHOLPUR,0.021705184932938774
RAJASTHAN,DUNGARPUR,RAJASTHAN,DUNGARPUR,0.012101840816071416
RAJASTHAN,GANGANAGAR,RAJASTHAN,GANGANAGAR,0.033878149657635366
RAJASTHAN,HANUMANGARH,RAJASTHAN,HANUMANGARH,0.0234848991010369
RAJASTHAN,JAIPUR,RAJASTHAN,JAIPUR,0.05362688828589225
RAJASTHAN,JAISALMER,RAJASTHAN,JAISALMER,0.006159222723442225
RAJASTHAN,JALORE,RAJASTHAN,JALORE,0.015657497429840576
RAJASTHAN,JHALAWAR,RAJASTHAN,JHALAWAR,0.023002118630369047
RAJASTHAN,JHUNJHUNU,RAJASTHAN,JHUNJHUNU,0.025290476508635088
RAJASTHAN,JODHPUR,RAJASTHAN,JODHPUR,0.018223346315242715
RAJASTHAN,KARAULI,RAJASTHAN,KARAULI,0.023573265169328783
RAJASTHAN,KOTA,RAJASTHAN,KOTA,0.018284771509055366
RAJASTHAN,NAGAUR,RAJASTHAN,NAGAUR,0.02783531151194343
RAJASTHAN,PALI,RAJASTHAN,PALI,0.032168481763183245
RAJASTHAN,RAJSAMAND,RAJASTHAN,RAJSAMAND,0.015848238821153545
RAJASTHAN,SAWAI MADHOPUR,RAJASTHAN,SAWAI MADHOPUR,0.021861980822407912
RAJASTHAN,SIKAR,RAJASTHAN,SIKAR,0.029098299707529866
RAJASTHAN,SIROHI,RAJASTHAN,SIROHI,0.01306578530493837
RAJASTHAN,TONK,RAJASTHAN,TONK,0.023125507835483932
RAJASTHAN,UDAIPUR,RAJASTHAN,UDAIPUR,0.04520139920125695
SIKKIM,EAST,SIKKIM,EAST,0.4918571428571429
SIKKIM,NORTH,SIKKIM,NORTH,0.06028571428571428
SIKKIM,SOUTH,SIKKIM,SOUTH,0.2695714285714286
SIKKIM,WEST,SIKKIM,WEST,0.1782857142857143
TAMIL NADU,ARIYALUR,TAMIL NADU,ARIYALUR,0.004960255822803489
TAMIL NADU,CHENNAI,TAMIL NADU,CHENNAI,0.07983152895674933
TAMIL NADU,COIMBATORE RURAL,TAMIL NADU,COIMBATORE RURAL,0.04806531092489185
TAMIL NADU,CUDDALORE,TAMIL NADU,CUDDALORE,0.04250462096442246
TAMIL NADU,DHARMAPURI,TAMIL NADU,DHARMAPURI,0.023473722633406077
TAMIL NADU,DINDIGUL,TAMIL NADU,DINDIGUL,0.029164013171690185
TAMIL NADU,ERODE,TAMIL NADU,ERODE,0.037059455114514486
TAMIL NADU,KANCHIPURAM,TAMIL NADU,KANCHIPURAM,0.03688811053036246
TAMIL NADU,KANYAKUMARI,TAMIL NADU,KANYAKUMARI,0.024159100970014214
TAMIL NADU,KARUR,TAMIL NADU,KARUR,0.014744371354680376
TAMIL NADU,MADURAI RURAL,TAMIL NADU,MADURAI RURAL,0.02916013000830997
TAMIL NADU,NAGAPATTINAM,TAMIL NADU,NAGAPATTINAM,0.022974736139048314
TAMIL NADU,NAMAKKAL,TAMIL NADU,NAMAKKAL,0.02248060359891582
TAMIL NADU,NILGIRIS,TAMIL NADU,NILGIRIS,0.0081667779840169
TAMIL NADU,PERAMBALUR,TAMIL NADU,PERAMBALUR,0.01276007486738997
TAMIL NADU,PUDUKOTTAI,TAMIL NADU,PUDUKOTTAI,0.020377385233106296
TAMIL NADU,RAMNATHAPURAM,TAMIL NADU,RAMNATHAPURAM,0.018336782876802758
TAMIL NADU,SALEM RURAL,TAMIL NADU,SALEM RURAL,0.034211154775126006
TAMIL NADU,SIVAGANGAI,TAMIL NADU,SIVAGANGAI,0.016359767320850257
TAMIL NADU,THANJAVUR,TAMIL NADU,THANJAVUR,0.0319176614036859
TAMIL NADU,THENI,TAMIL NADU,THENI,0.022687867444334854
TAMIL NADU,THIRUVALLUR,TAMIL NADU,THIRUVALLUR,0.020055082672548366
TAMIL NADU,THIRUVARUR,TAMIL NADU,THIRUVARUR,0.019567260272908723
TAMIL NADU,THOOTHUGUDI,TAMIL NADU,THOOTHUGUDI,0.029463987542811876
TAMIL NADU,TIRUCHCHIRAPPALLI,,,
TAMIL NADU,THIRUNELVELI RURAL,TAMIL NADU,THIRUNELVELI RURAL,0.04065186663663687
TAMIL NADU,THIRUVANNAMALAI,TAMIL NADU,THIRUVANNAMALAI,0.02458430736014787
TAMIL NADU,VELLORE,TAMIL NADU,VELLORE,0.04296865898835828
TAMIL NADU,VILLUPURAM,TAMIL NADU,VILLUPURAM,0.04026888964826306
TAMIL NADU,VIRUDHUNAGAR,TAMIL NADU,VIRUDHUNAGAR,0.026990897865036775
TRIPURA,DHALAI,TRIPURA,DHALAI,0.08979026813820305
TRIPURA,NORTH,TRIPURA,NORTH,0.1767171085068457
TRIPURA,SOUTH,TRIPURA,SOUTH,0.2601168126825198
TRIPURA,WEST,TRIPURA,WEST,0.4142678347934919
UTTAR PRADESH,AGRA,UTTAR PRADESH,AGRA,0.041971955907030616
UTTAR PRADESH,ALIGARH,UTTAR PRADESH,ALIGARH,0.028947178637664592
UTTAR PRADESH,ALLAHABAD,UTTAR PRADESH,ALLAHABAD,0.03070275995466273
UTTAR PRADESH,AMBEDKAR NAGAR,UTTAR PRADESH,AMBEDKAR NAGAR,0.006602535744001585
UTTAR PRADESH,AURAIYA,UTTAR PRADESH,AURAIYA,0.006515348689018844
UTTAR PRADESH,AZAMGARH,UTTAR PRADESH,AZAMGARH,0.011923637056435859
UTTAR PRADESH,BADAUN,UTTAR PRADESH,BADAUN,0.014932666836735243
UTTAR PRADESH,BAGHPAT,UTTAR PRADESH,BAGHPAT,0.008022285441806946
UTTAR PRADESH,BAHRAICH,UTTAR PRADESH,BAHRAICH,0.010163750205858324
UTTAR PRADESH,BALLIA,UTTAR PRADESH,BALLIA,0.007044929319284377
UTTAR PRADESH,BALRAMPUR,UTTAR PRADESH,BALRAMPUR,0.0029509050769775586
UTTAR PRADESH,BANDA,UTTAR PRADESH,BANDA,0.007962007971695422
UTTAR PRADESH,BARABANKI,UTTAR PRADESH,BARABANKI,0.01356888907546201
UTTAR PRADESH,BAREILLY,UTTAR PRADESH,BAREILLY,0.028837925723087455
UTTAR PRADESH,BASTI,UTTAR PRADESH,BASTI,0.006942672896773756
UTTAR PRADESH,BIJNOR,UTTAR PRADESH,BIJNOR,0.014157132600746795
UTTAR PRADESH,BULANDSHAHAR,UTTAR PRADESH,BULANDSHAHAR,0.020535780598619862
UTTAR PRADESH,CHANDOLI,UTTAR PRADESH,CHANDOLI,0.004967509367226493
UTTAR PRADESH,CHITRAKOOT DHAM,UTTAR PRADESH,CHITRAKOOT DHAM,0.0029875021124024124
UTTAR PRADESH,DEORIA,UTTAR PRADESH,DEORIA,0.007763415235345847
UTTAR PRADESH,ETAH,UTTAR PRADESH,ETAH,0.015281953248363627
UTTAR PRADESH,ETAWAH,UTTAR PRADESH,ETAWAH,0.0117917800905669
UTTAR PRADESH,FAIZABAD,UTTAR PRADESH,FAIZABAD,0.010259548327999853
UTTAR PRADESH,FAIZABAD,UTTAR PRADESH,FAIZABAD,0.010259548327999853
UTTAR PRADESH,FATEHPUR,UTTAR PRADESH,FATEHPUR,0.010336509740731532
UTTAR PRADESH,FIROZABAD,UTTAR PRADESH,FIROZABAD,0.016759289457793394
UTTAR PRADESH,GAUTAMBUDH NAGAR,UTTAR PRADESH,GAUTAMBUDH NAGAR,0.023249881328730716
UTTAR PRADESH,GHAZIABAD,UTTAR PRADESH,GHAZIABAD,0.03871589613761346
UTTAR PRADESH,GHAZIPUR,UTTAR PRADESH,GHAZIPUR,0.006385644489939582
UTTAR PRADESH,GONDA,UTTAR PRADESH,GONDA,0.010095399860285435
UTTAR PRADESH,GORAKHPUR,UTTAR PRADESH,GORAKHPUR,0.020237084206549363
UTTAR PRADESH,HAMIRPUR,UTTAR PRADESH,HAMIRPUR,0.003997687928467865
UTTAR PRADESH,HARDOI,UTTAR PRADESH,HARDOI,0.014706626323817027
UTTAR PRADESH,HATHRAS,UTTAR PRADESH,HATHRAS,0.01094789550900556
UTTAR PRADESH,JALAUN,UTTAR PRADESH,JALAUN,0.007513156096043538
UTTAR PRADESH,JAUNPUR,UTTAR PRADESH,JAUNPUR,0.011279959786316369
UTTAR PRADESH,JHANSI,UTTAR PRADESH,JHANSI,0.00898026666322224
UTTAR PRADESH,J.P.NAGAR,UTTAR PRADESH,J.P.NAGAR,0.008430772940152006
UTTAR PRADESH,KANNAUJ,UTTAR PRADESH,KANNAUJ,0.007540065680914754
UTTAR PRADESH,KANPUR DEHAT,UTTAR PRADESH,KANPUR DEHAT,0.007547600364678694
UTTAR PRADESH,KANPUR NAGAR,UTTAR PRADESH,KANPUR NAGAR,0.03993543852397698
UTTAR PRADESH,KAUSHAMBI,UTTAR PRADESH,KAUSHAMBI,0.007092290188657717
UTTAR PRADESH,KUSHINAGAR,,,
UTTAR PRADESH,LAITPUR,,,
UTTAR PRADESH,LALITPUR,UTTAR PRADESH,LALITPUR,0.0036257974655476586
UTTAR PRADESH,LUCKNOW,UTTAR PRADESH,LUCKNOW,0.06370951856599899
UTTAR PRADESH,MAHARAJGANJ,UTTAR PRADESH,MAHARAJGANJ,0.005421204968155197
UTTAR PRADESH,MAHOBA,UTTAR PRADESH,MAHOBA,0.0036155718232965964
UTTAR PRADESH,MAINPURI,UTTAR PRADESH,MAINPURI,0.01186174501123206
UTTAR PRADESH,MATHURA,UTTAR PRADESH,MATHURA,0.02162884793608866
UTTAR PRADESH,MAU,UTTAR PRADESH,MAU,0.006774757087177368
UTTAR PRADESH,MEERUT,UTTAR PRADESH,MEERUT,0.03337326715728222
UTTAR PRADESH,MIRZAPUR,UTTAR PRADESH,MIRZAPUR,0.006190819095471978
UTTAR PRADESH,MORADABAD,UTTAR PRADESH,MORADABAD,0.023795069518221558
UTTAR PRADESH,MUZAFFARNAGAR,UTTAR PRADESH,MUZAFFARNAGAR,0.023433404697552413
UTTAR PRADESH,PILIBHIT,UTTAR PRADESH,PILIBHIT,0.012152368527841195
UTTAR PRADESH,PRATAPGARH,UTTAR PRADESH,PRATAPGARH,0.011995754743890717
UTTAR PRADESH,RAIBAREILLY,UTTAR PRADESH,RAIBAREILLY,0.012015667836695417
UTTAR PRADESH,RAMPUR,UTTAR PRADESH,RAMPUR,0.011904262155328582
UTTAR PRADESH,SAHARANPUR,UTTAR PRADESH,SAHARANPUR,0.017104808527539806
UTTAR PRADESH,SANT KABIRNAGAR,UTTAR PRADESH,SANT KABIRNAGAR,0.0040493543314206
UTTAR PRADESH,ST.RAVIDASNAGAR,UTTAR PRADESH,ST.RAVIDASNAGAR,0.0028911657985634586
UTTAR PRADESH,SHAHJAHANPUR,UTTAR PRADESH,SHAHJAHANPUR,0.015089280620685722
UTTAR PRADESH,SHRAWASTI,UTTAR PRADESH,SHRAWASTI,0.0030763037424774257
UTTAR PRADESH,SIDHARTHNAGAR,UTTAR PRADESH,SIDHARTHNAGAR,0.004628986789546595
UTTAR PRADESH,SITAPUR,UTTAR PRADESH,SITAPUR,0.020342569779244528
UTTAR PRADESH,SONBHADRA,UTTAR PRADESH,SONBHADRA,0.004591851562424316
UTTAR PRADESH,SULTANPUR,UTTAR PRADESH,SULTANPUR,0.011189543581149082
UTTAR PRADESH,UNNAO,UTTAR PRADESH,UNNAO,0.013342848562543795
UTTAR PRADESH,VARANASI,UTTAR PRADESH,VARANASI,0.018422301802834547
UTTARAKHAND,ALMORA,UTTARAKHAND,ALMORA,0.0269756986163327
UTTARAKHAND,BAGESHWAR,UTTARAKHAND,BAGESHWAR,0.010193403356459052
UTTARAKHAND,CHAMOLI,UTTARAKHAND,CHAMOLI,0.01948567884965699
UTTARAKHAND,CHAMPAWAT,UTTARAKHAND,CHAMPAWAT,0.011656524940893764
UTTARAKHAND,DEHRA DUN,,,
UTTARAKHAND,HARIDWAR,UTTARAKHAND,HARIDWAR,0.259108174101779
UTTARAKHAND,NAINI TAL,,,
UTTARAKHAND,PAURI GARHWAL,UTTARAKHAND,PAURI GARHWAL,0.03791519708538429
UTTARAKHAND,PITHORAGARH,UTTARAKHAND,PITHORAGARH,0.027121041820084492
UTTARAKHAND,RUDRA PRAYAG,UTTARAKHAND,RUDRA PRAYAG,0.01265454827332274
UTTARAKHAND,TEHRI GARHWAL,UTTARAKHAND,TEHRI GARHWAL,0.025008720592225107
UTTARAKHAND,UDHAM SINGH NAGAR,,,
UTTARAKHAND,UTTARKASHI,UTTARAKHAND,UTTARKASHI,0.020406185806751676
WEST BENGAL,BANKURA,WEST BENGAL,BANKURA,0.017732448021270362
WEST BENGAL,BURDWAN,WEST BENGAL,BURDWAN,0.046729932172135544
WEST BENGAL,BIRBHUM,WEST BENGAL,BIRBHUM,0.02342705824333693
WEST BENGAL,DAKSHIN DINAJPUR,WEST BENGAL,DAKSHIN DINAJPUR,0.01560612666442718
WEST BENGAL,DARJEELING,WEST BENGAL,DARJEELING,0.021884135141123414
WEST BENGAL,MIDNAPORE,,,
WEST BENGAL,HAWRAH,,,
WEST BENGAL,HOOGHLY,WEST BENGAL,HOOGHLY,0.04207078684611151
WEST BENGAL,JALPAIGURI,WEST BENGAL,JALPAIGURI,0.057338310235646436
WEST BENGAL,HOWRAH CITY,WEST BENGAL,HOWRAH CITY,0.016858690757828077
WEST BENGAL,KOLKATA,WEST BENGAL,KOLKATA,0.14154242279130602
WEST BENGAL,MALDA,WEST BENGAL,MALDA,0.03157587214912124
WEST BENGAL,MURSHIDABAD,WEST BENGAL,MURSHIDABAD,0.07655560955736779
WEST BENGAL,NADIA,WEST BENGAL,NADIA,0.07085921251063161
WEST BENGAL,24 PARGANAS NORTH,WEST BENGAL,24 PARGANAS NORTH,0.10970656765275565
WEST BENGAL,PURULIA,WEST BENGAL,PURULIA,0.01515048637367507
WEST BENGAL,24 PARGANAS SOUTH,WEST BENGAL,24 PARGANAS SOUTH,0.10802427222631207
WEST BENGAL,UTTAR DINAJPUR,WEST BENGAL,UTTAR DINAJPUR,0.026777354498867152
WEST BENGAL,MIDNAPORE,,,
